{"result":{"amount":-0.10000000,"fee":-0.00010000,"confirmations":12,"blockhash":"000000000002ce503e825728baf5c825dc84f02cedb4b6d2d254e3ab82bde3d3","blockindex":2,"blocktime":1783810000,"expiryheight":414290,"txid":"9f2a44e2b5c1e0d3a7fb1c8e6d5a4b3c2d1e0f9a8b7c6d5e4f3a2b1c0d9e8f7a","time":1783809950,"timereceived":1783809950,"details":[{"address":"RTestSenderAddress1111111111111111","category":"send","amount":-0.10000000,"vout":0,"fee":-0.00010000,"size":312}],"vjoinsplit":[],"hex":"0400008085202f89"},"error":null,"id":"synthetic"}
