{"result":{"amount":-0.00010000,"fee":-0.00010000,"confirmations":7037,"blockhash":"000000010fe9997d8191db31ac176a652c778432b61b08a011521bd4be37abf4","blockindex":1,"blocktime":1783861500,"expiryheight":1143729,"txid":"c9144bf2cf4b56a15718a7b6a9d2c0617fd8b91c52d7350f112c64f0f3b89c01","walletconflicts":[],"time":1783861456,"timereceived":1783861456,"vjoinsplit":[],"details":[{"account":"","category":"send","amount":-0.00010000,"vout":1,"fee":-0.00010000,"size":1222}],"hex":"0400008085202f89019c81c5092d3f0a9e3cc591f5971811ae0c17048134e757fe266738bb91aecac1000000006a47304402201003ab8ae68d86203234bc4ed725c6a55cc912b40d4e7fdb6eab7de4605e115f0220163034e06d8bd21f09af5543d4bfec2a437c540dae321ef59fd9c129675609d8012102f1c242eaef13ac39a09bb6f665a56e99394cf71ddd7f9f34ccc84ee5e07326d4ffffffff01c0a9c223000000001976a9147a3dda8a36bb6af6ed7ec5d9c8e1824e940f7cc188ac00000000b1731100f0d8ffffffffffff0001e07ecd595c46747d2767fc2da9f2faf0e96481cf4892a5c0ca8c6b040044b1b938739e78f4e744403751dc55af4fee3775011037a1fa415f545a8d0764d8fb127a65f6b3871e3531462269855f21de0c596543a28e2d60186f240dba965a1a41b7694ea312569a2a17ccd5a2cb7d3bc485b22793ab394bdae6fa818b0eb5815692e941b65d70b847dc4bdcaff42bafdd5665c1d8b49172a44a974da0136c54a2a5015806d5868b5d34f24bef5d4b6abc90b89951b7ca5151104307ab850044b9b9df573a489265282f1929358db50ebef1f369442d2f05156afef9e821f5cf10ae9460985576b4f192879fe6f99b93593eb87920b6c35eebdd0c2132715f47f52a2d6ffd2b8256221f4eb1da756e5c06d04dfe622002c22e307874313ec1978081b47b539d00a8de4b59e2bc46c7b58b23213a040ce43875ca4b22272adc623e86ee5bb0c729cd8a02abe87c948d320de921d6aebf96467d6936f2815a3e4d207b02e77464ae7d2077a654096cfb2cbbd717291cb725603a6929868c09a35c24b28f03f47406447cbf7eedaa9a70ed785c0e530cfd81a2084e522f10eebdf3368e72cc5183e3af5f66402e635271ea54db95ae1dce35415c520d9af901657e84f4a06a4acfec553cc5fd0f78b2ff409231ff7bff8c6978245c16504ecf211ab213e0fdb00e2b9e2afbe62f0b9de8ae74ff1e9f1cfebb499ce4c4921bcf37b360215a80ce0f194b3651dbaedc89e937fe067ea9591ae417078b12ee21e93256197302d13bf3e0d7651a7c44a6ae370116eea9c6638057dc873e3a2a7da44907840592784e9a36054a4d0fbf9fe076ff7bfa67a79dcd872d1c9f1c8b885cb77d7e6d81501e9990cadb85ed2a77b0dad30a93fbd8f9c23156ced214c177a25e84812076bfa0680bff926be0e7dd2c609e974ec7164fe6c7b10d97e89fd26cdaf075a0214bf9aae1a80619d6783f019a053432ec04bca3536f333e9deb769a366201d4100dfbe95efb583c2db9aab55f1381a0177f54dcdedb74b93b7710da77a318a56329d3103d1bfe2ab22318fd0b8b4f5665b9db8b4b1b8860ec97261032fc4546999725e1e7a44b2e27629a83624d10e197783f30346b5cd56da7cd697a8c832240b7638488bb957be0b510b43bc96f2a4b294cb63e1bb3269bab466f8c47a727aa7c096c42abcf669b89e4ec4af047e9589b9117a24a426c60353fdca5def801bb5308354f6ec02f45b63df827b381d0fc3f84632ebc302fd8ae8ad025091685113a7fa68629717c6d715ac91bffde05f8c0393887b91a338e43fc130041913cdbf3d13ed9f3ff7ea114ea0f61582c932b76050088627412e9107daeafc9918b8336669f403a22ce37393c02af435e9f0a7f4abc5a605ae0f4c050c33078a5395f1edd81ee7c854ce11f3ba4fd083e67c5e14301"},"error":null,"id":"fixture"}
