{"result":{"walletversion":60000,"balance":7470.00791611,"unconfirmed_balance":0.00000000,"immature_balance":0.00000000,"eligible_staking_outputs":423,"eligible_staking_balance":7469.99752471,"reserve_balance":{"testcurrency-a":175.00000000,"testcurrency-b":116.00000000,"testcurrency-c":5.00000000,"testcurrency-d":100.00000000,"testcurrency-e":9.00000000,"testcurrency-f":1.00000000},"txcount":1534,"keypoololdest":1783861044,"keypoolsize":101,"paytxfee":0.00010000,"seedfp":"0000000000000000000000000000000000000000000000000000000000000000"},"error":null,"id":"fixture"}
