{"result":{"walletversion":60000,"balance":2.10000000,"unconfirmed_balance":0.00000000,"immature_balance":0.00000000,"eligible_staking_outputs":0,"eligible_staking_balance":0.00000000,"reserve_balance":0.00000000,"txcount":4,"keypoololdest":1769472061,"keypoolsize":101,"paytxfee":0.00010000,"seedfp":"aa00000000000000000000000000000000000000000000000000000000000000"},"error":null,"id":"synthetic"}
